start,stop,index
0,100,0
100,200,1
200,300,2
300,400,3
400,500,4
500,600,5
600,700,6
700,800,7
800,900,8
900,1000,9
1000,1100,10
1100,1200,11
1200,1300,12
1300,1400,13
1400,1500,14
1500,1600,15
1600,1700,16
1700,1800,17
1800,1900,18
1900,2000,19
2000,2100,20
2100,2200,21
2200,2300,22
2300,2400,23
2400,2500,24
2500,2600,25
2600,2700,26
2700,2800,27
2800,2900,28
2900,3000,29
3000,3100,30
3100,3200,31
3200,3300,32
3300,3400,33
3400,3500,34
3500,3600,35
3600,3700,36
3700,3800,37
3800,3900,38
3900,4000,39
4000,4100,40
4100,4200,41
4200,4300,42
4300,4400,43
4400,4500,44
4500,4600,45
4600,4700,46
4700,4800,47
4800,4900,48
4900,5000,49
5000,5100,50
5100,5200,51
5200,5300,52
5300,5400,53
5400,5500,54
5500,5600,55
5600,5700,56
5700,5800,57
5800,5900,58
5900,6000,59
6000,6100,60
6100,6200,61
6200,6300,62
6300,6400,63
6400,6500,64
6500,6600,65
6600,6700,66
6700,6800,67
6800,6900,68
6900,7000,69
7000,7100,70
7100,7200,71
7200,7300,72
7300,7400,73
7400,7500,74
7500,7600,75
7600,7700,76
7700,7800,77
7800,7900,78
7900,8000,79
8000,8100,80
8100,8200,81
8200,8300,82
8300,8400,83
8400,8500,84
8500,8600,85
8600,8700,86
8700,8800,87
8800,8900,88
8900,9000,89
9000,9100,90
9100,9200,91
9200,9300,92
9300,9400,93
9400,9500,94
9500,9600,95
9600,9700,96
9700,9800,97
9800,9900,98
9900,10000,99
10000,10100,100
10100,10200,101
10200,10300,102
10300,10400,103
10400,10500,104
10500,10600,105
10600,10700,106
10700,10800,107
10800,10900,108
10900,11000,109
11000,11100,110
11100,11200,111
11200,11300,112
11300,11400,113
11400,11500,114
11500,11600,115
11600,11700,116
11700,11800,117
11800,11900,118
11900,12000,119
12000,12100,120
12100,12200,121
12200,12300,122
12300,12400,123
12400,12500,124
12500,12600,125
12600,12700,126
12700,12800,127
12800,12900,128
12900,13000,129
13000,13100,130
13100,13200,131
13200,13300,132
13300,13400,133
13400,13500,134
13500,13600,135
13600,13700,136
13700,13800,137
13800,13900,138
13900,14000,139
14000,14100,140
14100,14200,141
14200,14300,142
14300,14400,143
14400,14500,144
14500,14600,145
14600,14700,146
14700,14800,147
14800,14900,148
14900,15000,149
15000,15100,150
15100,15200,151
15200,15300,152
15300,15400,153
15400,15500,154
15500,15600,155
15600,15700,156
15700,15800,157
15800,15900,158
15900,16000,159
16000,16100,160
16100,16200,161
16200,16300,162
16300,16400,163
16400,16500,164
16500,16600,165
16600,16700,166
16700,16800,167
16800,16900,168
16900,17000,169
17000,17100,170
17100,17200,171
17200,17300,172
17300,17400,173
17400,17500,174
17500,17600,175
